,pca_no_correction,pca_sample_centered_within_category,harmony_sample
BTO CBD,0.5336346060522921,0.9400759308269315,0.389706972275627
BTO GB,0.43028578399821354,0.5281713736351018,0.35293405648400444
BTO IHD,0.4502305666862653,0.5064911984332279,0.33847503375691707
ORG CBD,0.8406916221366183,0.8776552030880247,0.4054426370610272
ORG GB,0.884765188601176,0.9163752544731781,0.45491082583636344
ORG IHD,0.8450807782783397,0.9109594695301224,0.48511452928402904
PRI CBD,0.9930566568727531,0.99533301501632,0.7482234451785041
PRI GB,0.994032331977515,0.9937584063378099,0.5805360379208253
PRI IHD,0.9676852934031617,0.9840847787310802,0.3790494097706398
