donor,region,n,acc,model
Donor 1,CBD,1172,1.0,hvg2000
Donor 10,IHD,76,1.0,hvg2000
Donor 2,CBD,843,1.0,hvg2000
Donor 3,CBD,1959,0.9586523736600306,hvg2000
Donor 4,GB,1528,1.0,hvg2000
Donor 5,GB,1054,0.9990512333965844,hvg2000
Donor 6,GB,403,0.9900744416873449,hvg2000
Donor 7,IHD,256,0.96875,hvg2000
Donor 8,IHD,12,0.5833333333333334,hvg2000
Donor 9,IHD,13,0.6153846153846154,hvg2000
Donor 1,CBD,1172,0.9948805460750854,markers
Donor 10,IHD,76,1.0,markers
Donor 2,CBD,843,0.9952550415183867,markers
Donor 3,CBD,1959,0.822868810617662,markers
Donor 4,GB,1528,0.9325916230366492,markers
Donor 5,GB,1054,0.9639468690702088,markers
Donor 6,GB,403,0.9826302729528535,markers
Donor 7,IHD,256,0.984375,markers
Donor 8,IHD,12,0.5,markers
Donor 9,IHD,13,0.38461538461538464,markers
