IHD,CBD,GB
ENSG00000163631,ENSG00000160182,ENSG00000118785
ENSG00000173432,ENSG00000161055,ENSG00000091138
ENSG00000288411,ENSG00000160181,ENSG00000143369
ENSG00000134339,ENSG00000204525,ENSG00000206450
ENSG00000229314,ENSG00000106541,ENSG00000229215
ENSG00000158874,ENSG00000262243,ENSG00000172183
ENSG00000228278,ENSG00000233913,ENSG00000081800
ENSG00000277507,ENSG00000163682,ENSG00000087086
ENSG00000124875,ENSG00000179344,ENSG00000152661
ENSG00000163586,ENSG00000168209,ENSG00000163209
ENSG00000196136,ENSG00000117983,ENSG00000233841
ENSG00000273259,ENSG00000198848,ENSG00000162344
ENSG00000125730,ENSG00000232126,ENSG00000244067
ENSG00000091583,ENSG00000282992,ENSG00000198074
ENSG00000162772,ENSG00000196126,ENSG00000137673
